VBELN,POSNR,KUNNR,NAME1,ORT01,PSTLZ,MATNR,ARKTX,LFIMG,VRKME,BRGEW,GEWEI,WADAT
0080001234,000010,0000100245,Sri Balaji Stores,Bengaluru,560034,FG-1001,Masala Oats 500g,24,CS,14.4,KG,2026-10-02
0080001234,000020,0000100245,Sri Balaji Stores,Bengaluru,560034,FG-2003,Tomato Ketchup 1kg,12,CS,13.2,KG,2026-10-02
0080001235,000010,0000100317,Ganesh Mart,Bengaluru,560076,FG-1001,Masala Oats 500g,10,CS,6,KG,2026-10-02
0080001235,000020,0000100317,Ganesh Mart,Bengaluru,560076,FG-3010,Instant Noodles 70g,40,CS,11.2,KG,2026-10-02
0080001236,000010,0000100402,New Fresh Mart,Bengaluru,560068,FG-2003,Tomato Ketchup 1kg,8,CS,,KG,2026-10-02
0080001237,000010,0000100999,Om Provisions,Bengaluru,560037,FG-3010,Instant Noodles 70g,20,CS,5.6,KG,2026-10-02
0080001238,000010,0000100118,Lakshmi Traders,Bengaluru,560041,FG-1001,Masala Oats 500g,16,CS,9.6,KG,2026-10-02
0080001238,000020,0000100118,Lakshmi Traders,Bengaluru,560041,FG-4005,Mango Pickle 400g,6,CS,7.2,KG,2026-10-02
0080001238,000030,0000100118,Lakshmi Traders,Bengaluru,560041,FG-3010,Instant Noodles 70g,30,CS,8.4,KG,2026-10-02
0080001239,000010,0000100533,Annapoorna Supermarket,Bengaluru,560011,FG-2003,Tomato Ketchup 1kg,20,CS,22,KG,2026-10-02
0080001239,000020,0000100533,Annapoorna Supermarket,Bengaluru,560011,FG-5002,Wheat Flour 5kg,15,CS,76.5,KG,2026-10-02
0080001240,000010,0000100274,Royal Kirana,Bengaluru,560078,FG-5002,Wheat Flour 5kg,10,CS,51,KG,2026-10-02
0080001241,000010,0000100650,Daily Needs Store,Bengaluru,560102,FG-1001,Masala Oats 500g,12,CS,7.2,KG,2026-10-02
0080001241,000020,0000100650,Daily Needs Store,Bengaluru,560102,FG-4005,Mango Pickle 400g,4,CS,4.8,KG,2026-10-02
0080001242,000010,0000100381,Venkateshwara Provisions,Bengaluru,560043,FG-3010,Instant Noodles 70g,50,CS,14,KG,2026-10-02
0080001242,000020,0000100381,Venkateshwara Provisions,Bengaluru,560043,FG-2003,Tomato Ketchup 1kg,10,CS,11,KG,2026-10-02
0080001243,000010,0000100712,Green Basket,Bengaluru,560066,FG-5002,Wheat Flour 5kg,8,CS,40.8,KG,2026-10-02
0080001243,000020,0000100712,Green Basket,Bengaluru,560066,FG-1001,Masala Oats 500g,18,CS,10.8,KG,2026-10-02
0080001244,000010,0000100159,Sai Ram Stores,Bengaluru,560085,FG-4005,Mango Pickle 400g,10,CS,12,KG,2026-10-02
0080001245,000010,0000100826,City Fresh Mart,Bengaluru,560095,FG-3010,Instant Noodles 70g,25,CS,7,KG,2026-10-02
0080001245,000020,0000100826,City Fresh Mart,Bengaluru,560095,FG-2003,Tomato Ketchup 1kg,6,CS,6.6,KG,2026-10-02
